Time (s),Volume (m^3),N2,Ne,X(1),H2(2),CO(3),CO2(4),H2O(5),CH2O(6),HCOOH(7),CH3OH(8),HCOOCH3(9),H*(10),O*(11),OH*(12),H2O*(13),CO*(14),CO2*(15),HCO*(16),HCOO*(17),COOH*(18),HCOOH*(19),CH2O*(20),CH3O*(21),CH3O2*(22),CH3OH*(23),CH4(24)
0.0,0.0004434385066666667,0.2,0.0,0.00130503952512,0.2,0.2,0.2,0.2,0.0,0.0,0.0,0.0,0.0,0.0,0.0,0.0,0.0,0.0,0.0,0.0,0.0,0.0,0.0,0.0,0.0,0.0,0.0
8.5311944336252e-25,0.0004434385066666667,0.2,0.0,0.0013050395251199961,0.2,0.2,0.2,0.2,3.229755846327458e-61,5.8182332057475515e-49,3.2983533537630124e-134,-4.2624183998877806e-172,5.595491027650553e-19,1.2868378559760316e-25,3.6343558534448695e-45,2.1934981146839318e-18,1.1727634916838733e-18,9.356088833585279e-21,1.5586476615006566e-54,8.729806752423857e-48,8.684918194005156e-48,5.3230394063852536e-67,1.1463271528206784e-77,-4.802582309505898e-106,1.302705203435205e-95,-2.474961258295278e-120,-6.097832725133115e-212
2.3887344414150558e-24,0.0004434385066666667,0.2,0.0,0.001305039525119989,0.2,0.2,0.2,0.2,9.043316369716883e-61,1.6291052976093144e-48,6.014670444784265e-132,1.1088273278557745e-169,1.5667374877421436e-18,3.6031459967328635e-25,2.1951509354891057e-44,6.1417947211148925e-18,3.283737776714835e-18,2.6197048734032566e-20,2.355428191933079e-53,5.319286652050624e-47,5.251451061111801e-47,3.2151158013146476e-66,3.7089956787786244e-76,2.69335759924734e-104,2.080199278609394e-94,2.685910616317141e-119,2.849229185311847e-209
5.459964437520128e-24,0.0004434385066666667,0.2,0.0,0.0013050395251199749,0.2,0.2,0.2,0.2,2.0670437416495728e-60,3.723669251678433e-48,2.8999553454031526e-129,5.042945150830015e-166,3.581114257696277e-18,8.235762278246426e-25,1.0568706821941328e-43,1.4038387933976342e-17,7.505686346776716e-18,5.98789685349023e-20,2.5338621538889797e-52,2.607024767155963e-46,2.5340503337781834e-46,1.5479398591637647e-65,8.391164849252915e-75,2.8510283648142255e-102,2.4859006075435304e-93,1.6293775741828426e-117,2.597489587325292e-205
1.1602424429730272e-23,0.0004434385066666667,0.2,0.0,0.0013050395251199465,0.2,0.2,0.2,0.19999999999999998,4.3924679510053423e-60,7.91279715981667e-48,1.0167369499190252e-126,8.805039136328986e-163,7.609867797604369e-18,1.7500994841273146e-24,4.615631934001625e-43,2.9831574359697376e-17,1.5949583486900288e-17,1.2724280813654232e-19,2.329055864535836e-51,1.178742541403325e-45,1.1116664647308112e-45,6.760260043907581e-65,1.6238234367507893e-73,2.3502496607320283e-100,2.7419660275832595e-92,7.675192082632272e-116,9.072094789748844e-202
2.3887344414150558e-23,0.0004434385066666667,0.2,0.0,0.0013050395251198899,0.2,0.19999999999999998,0.2,0.19999999999999996,9.043316369716881e-60,1.629105297609314e-47,3.1779463126544724e-124,1.2139843514428626e-159,1.5667374877419852e-17,3.603145996732498e-24,1.9269354736099645e-42,6.141794721113193e-17,3.2837377767146696e-17,2.619704873394246e-19,1.992556327079726e-50,5.2564011009127327e-45,4.6825511434296616e-45,2.822275491283945e-64,2.989449474897411e-72,1.7834358743879147e-98,3.12813291050036e-91,3.6056777365710806e-114,2.5017996251462563e-198
4.8457184382991134e-23,0.0004434385066666667,0.2,0.0,0.0013050395251197765,0.2,0.19999999999999996,0.2,0.1999999999999999,1.8345013207139958e-59,3.3047564608646083e-47,9.76887041714261e-122,1.5598871684795402e-156,3.1782389037048016e-17,7.309239021942222e-24,7.872160153754651e-42,1.2459069291397112e-16,6.661296632763657e-17,5.314258457435983e-19,1.6474841034826385e-49,2.421399235840108e-44,1.9469289946465953e-44,1.1529916259029938e-63,5.582382561169162e-71,1.3511801629482588e-96,3.880262378029221e-90,1.8120394508415806e-112,6.429454477080316e-195
9.759686432067229e-23,0.0004434385066666667,0.2,0.0,0.0013050395251195499,0.19999999999999998,0.1999999999999999,0.2,0.19999999999999976,3.69484068819861e-59,6.656058787375192e-47,3.151241291470706e-119,2.048955242611663e-153,6.401241735629315e-17,1.47214250723591e-23,3.182052999559933e-41,2.509361843195296e-16,1.3416414344860456e-16,1.0703365625455823e-18,1.3397067122272873e-48,1.2002595468086442e-43,8.14428227876484e-44,4.66057649238165e-63,1.1107671040257239e-69,1.0822065264310208e-94,5.259738805984242e-89,9.878474089000736e-111,1.689039215201568e-191
1.958762241960346e-22,0.0004434385066666667,0.2,0.0,0.0013050395251190965,0.19999999999999996,0.19999999999999976,0.2,0.1999999999999995,7.415519423167835e-59,1.335866344039635e-46,1.1147165842199351e-116,2.913179292557788e-150,1.2847247399473862e-16,2.954579717318255e-23,1.2794895162674959e-40,5.036271671301672e-16,2.692664976904934e-16,2.148157996124096e-18,1.0805219976191834e-47,6.607384631468252e-43,3.4955152901839182e-43,1.8739973039822888e-62,2.4421641920575895e-68,9.539733172588991e-93,7.636720721839797e-88,5.750341345224436e-109,4.802771023230972e-188
3.9243494394675917e-22,0.0004434385066666667,0.2,0.0,0.0013050395251181898,0.1999999999999999,0.19999999999999948,0.2,0.199999999999999,1.4856876893106272e-58,2.6763872746438606e-46,4.397809014948488e-114,4.593642054225981e-147,2.5739258727145043e-16,5.919454137478824e-23,5.131325228488118e-40,1.0090091327495246e-15,5.394712061740827e-16,4.303800863179308e-18,8.67934029793579e-47,4.078529509087096e-42,1.5789068603368314e-42,7.515567309479362e-62,6.00986787368456e-67,9.395491579501886e-91,1.1587722280392112e-86,3.49367789304566e-107,1.514595948863646e-184
7.855523834482084e-22,0.0004434385066666667,0.2,0.0,0.0013050395251163766,0.19999999999999976,0.19999999999999896,0.2,0.199999999999998,2.9739591832983082e-58,5.357429135852289e-46,1.9121828408939926e-111,7.971615375673419e-144,5.152328138241574e-16,1.1849202977783484e-22,2.0552065784913244e-39,2.0197730639805684e-15,1.079880623140508e-15,8.615086596882465e-18,6.957565535608045e-46,2.7779668898722927e-41,7.742100048507823e-42,3.010146986628273e-61,1.6323041052162895e-65,1.0206511582336676e-88,1.8033454973232956e-85,2.17582324912582e-105,5.256581328219283e-181
1.5717872624511068e-21,0.0004434385066666667,0.2,0.0,0.00130503952511275,0.1999999999999995,0.19999999999999787,0.2,0.199999999999996,5.9505021712736486e-58,1.0719512858269059e-45,8.915789883267538e-109,1.483936778412887e-140,1.0309132669267044e-15,2.370870065832689e-22,8.226182353444641e-39,4.0413009264119705e-15,2.160699457070344e-15,1.7237658062659716e-17,5.5716952623995385e-45,2.0280491643364268e-40,4.234186327661742e-41,1.2048432325858729e-60,4.756366477742299e-64,1.1893965609130158e-86,2.8460421959558304e-84,1.373847410333254e-103,1.9570141311786847e-177
3.1442570204569034e-21,0.0004434385066666667,0.2,0.0,0.0013050395251054967,0.19999999999999898,0.1999999999999957,0.19999999999999998,0.19999999999999193,1.1903588147224237e-57,2.1443680303102246e-45,4.340286586671396e-106,2.886067906179146e-137,2.0622741731203313e-15,4.742769601915006e-22,3.291544464502235e-38,8.084356651152038e-15,4.322337124917959e-15,3.448280098769795e-17,4.4596144465496294e-44,1.544633108816734e-39,2.602784703174483e-40,4.820942079560717e-60,1.4471846362865644e-62,1.4473394085023158e-84,4.539010309830252e-83,8.764880706195056e-102,7.612198465126498e-174
6.289196536468497e-21,0.0004434385066666667,0.2,0.0,0.00130503952509099,0.19999999999999796,0.19999999999999138,0.19999999999999996,0.19999999999998386,2.3809760099125043e-57,4.2892015192767224e-45,2.164639068417557e-103,5.753539216635695e-134,4.124995985461716e-15,9.486568673974172e-22,1.3168321289084523e-37,1.617046810014122e-14,8.64561246056496e-15,6.897308681170941e-17,3.568595072465001e-43,1.2045685353540121e-38,1.7682485790457578e-39,1.9286905683881688e-59,4.511120684887562e-61,1.804478539779202e-82,7.461735330104434e-82,5.761930548239495e-100,3.035050367556553e-170
1.2579075568491685e-20,0.0004434385066666667,0.2,0.0,0.0013050395250619768,0.1999999999999959,0.19999999999998272,0.1999999999999999,0.19999999999996768,4.762210400292518e-57,8.578868497209155e-45,1.0935407435615376e-100,1.1622129604646706e-130,8.250439609961012e-15,1.897416681767066e-21,5.267757296010266e-37,3.234269099615578e-14,1.729216313166604e-14,1.379536583554722e-16,2.8552375080993073e-42,9.511962972653077e-38,1.2889764743760526e-38,7.715388718920687e-59,1.4243705379566396e-59,2.278918460012051e-80,1.47708686451758e-80,4.5534559997224827e-98,1.2261542520237473e-166
2.515883363253806e-20,0.0004434385066666667,0.2,0.0,0.0013050395250039503,0.19999999999999177,0.19999999999996543,0.19999999999999976,0.19999999999993534,9.524679181051955e-57,1.7158202453071775e-44,5.561137610099063e-98,2.36370058165397e-127,1.650132685822571e-14,3.794936310337621e-21,2.1071887284384577e-36,6.468713678032967e-14,3.458526447309655e-14,2.7591480102595734e-16,2.2843345952124492e-41,7.55972543606315e-37,9.809260445489071e-38,3.0862800211198917e-58,4.527275278633925e-58,2.8972860695458444e-78,5.992330472417888e-79,7.351938665283379e-96,4.9874794868867296e-163
5.031834976063081e-20,0.0004434385066666667,0.2,0.0,0.0013050395248878975,0.19999999999998352,0.19999999999993084,0.19999999999999948,0.19999999999987064,1.904961674256849e-56,3.431687036478807e-44,2.8376211612371352e-95,4.8239371436965e-124,3.300310135181953e-14,7.589975566803764e-21,8.428926944125002e-36,1.293760283172565e-13,6.917146715287092e-14,5.51837084698766e-16,1.8275255131988825e-40,6.027833621515933e-36,7.64637488438039e-37,1.2345366168059278e-57,1.4438121046217452e-56,3.6958909164330014e-76,5.592308621214473e-77,2.736989108188615e-93,2.0357288313077216e-159
1.0063738201681631e-19,0.0004434385066666667,0.2,0.0,0.001305039524655792,0.199999999999967,0.19999999999986168,0.19999999999999893,0.19999999999974127,3.809949186559307e-56,6.8634206188185605e-44,1.4503783563541394e-92,9.862059154244781e-121,6.600665032726486e-14,1.518005407703619e-20,3.371605509829206e-35,2.587538112654265e-13,1.383438725000731e-13,1.1036816453717362e-15,1.4620435453567278e-39,4.814275917255669e-35,6.036683015604786e-36,4.938203118497712e-57,4.6123213719478065e-55,4.722636815702695e-74,6.817146116418283e-75,1.3339280278868831e-90,8.323686229942451e-156
2.0127544652918732e-19,0.0004434385066666667,0.2,0.0,0.0013050395241915808,0.199999999999934,0.19999999999972334,0.19999999999999782,0.1999999999994825,7.619924211166006e-56,1.3726887783486476e-43,7.4195272102134875e-90,2.017957775928868e-117,1.3201374823118632e-13,3.036021108670158e-20,1.3486494110378004e-34,5.175093766590317e-13,2.766886831450911e-13,2.2073707400270903e-15,1.1696440896880165e-38,3.848205021954996e-34,4.797177488535446e-35,1.9753298517279258e-56,1.4746751586116926e-53,6.03974672821198e-72,8.665784084570468e-73,6.782193607452325e-88,3.4063563215089885e-152
4.025515755539293e-19,0.0004434385066666667,0.2,0.0,0.0013050395232631585,0.199999999999868,0.19999999999944665,0.1999999999999956,0.199999999998965,1.5239874260703647e-55,2.7453822112853646e-43,3.797104257197863e-87,4.130886367641112e-114,2.640279438511525e-13,6.072052506283445e-20,5.394614143511938e-34,1.035020505435303e-12,5.533783042375818e-13,4.414748822575458e-15,9.357189721867687e-38,3.077246890205107e-33,3.8248716413115584e-34,7.9027154703292095e-56,4.7168856781500906e-52,7.727422260880806e-70,1.1078883273836215e-70,3.468287692276264e-85,1.3946049398172658e-148
8.051038336034133e-19,0.0004434385066666667,0.2,0.0,0.0013050395214063138,0.199999999999736,0.19999999999889326,0.19999999999999118,0.19999999999792997,3.047977438091654e-55,5.490769077419908e-43,1.943629851031256e-84,8.457888773914451e-111,5.280563343395772e-13,1.2144115284230801e-19,2.1578506253743368e-33,2.0700427549440895e-12,1.1067575456323822e-12,8.829504560622868e-15,7.485766564259896e-37,2.4612213289524543e-32,3.0547448628686103e-33,3.1656036949420038e-55,1.5090416750212185e-50,9.888615489968188e-68,1.4176213184874356e-68,1.775166497221152e-82,5.710838708080759e-145
1.6102083497023814e-18,0.0004434385066666667,0.2,0.0,0.0013050395176926245,0.19999999999947196,0.1999999999977865,0.19999999999998236,0.19999999999585993,6.095957596109246e-55,1.0981542818686441e-42,9.949584437796509e-82,1.7318596015539613e-107,1.0561131123103973e-12,2.428824077100826e-19,8.631425782194154e-33,4.1400872217866376e-12,2.213516025261258e-12,1.7659014328520718e-14,5.988619142149391e-36,1.968667668116504e-31,2.441728041169259e-32,1.280768173627699e-54,4.828164078929764e-49,1.265513422947681e-65,1.8142442252274627e-66,9.087295023015254e-80,2.3387327348152844e-141
3.2204173819003173e-18,0.0004434385066666667,0.2,0.0,0.0013050395102652459,0.1999999999989439,0.199999999995573,0.1999999999999647,0.19999999999171986,1.219192643394147e-54,2.196309059166146e-42,5.0931607955064373e-79,9.873256499995127e-104,2.1122266562279182e-12,4.857649146809103e-19,3.4525856448206e-32,8.280176026771637e-12,4.427032971876112e-12,3.531802703153115e-14,4.7908976317994527e-35,1.5746841250147358e-30,1.9525443084355268e-31,5.588458340457526e-54,1.5447675213893613e-47,1.6195303969071423e-63,2.3218612812918262e-64,4.6519513154055504e-77,2.666185512484069e-137
6.440835446296189e-18,0.0004434385066666667,0.2,0.0,0.0013050394954104893,0.19999999999788778,0.19999999999114595,0.1999999999999294,0.19999999998343967,2.4384407693834014e-54,4.392619543979429e-42,2.606856742360384e-76,2.0220229034923553e-100,4.224453695966487e-12,9.715299175634287e-19,1.3810458649587929e-31,1.6560353121941288e-11,8.85406681453423e-12,7.06360251064318e-14,3.8327189719550902e-34,1.2594453669552233e-29,1.5616826227218823e-30,3.724777439137427e-53,4.9420842480139114e-46,2.072329194356511e-61,2.9712791821648617e-62,2.381235410734311e-74,1.0922295943109599e-133
1.2881671575087934e-17,0.0004434385066666667,0.2,0.0,0.001305039465700979,0.19999999999577558,0.1999999999822919,0.19999999999985876,0.1999999999668793,4.880409038302116e-54,8.785270271877132e-42,1.3339029675832148e-73,4.1385961231931314e-97,8.448907583057724e-12,1.9430598790899062e-18,5.5242749990205044e-31,3.3120705253079415e-11,1.7708134297564123e-11,1.4127191193191895e-13,3.0661754284042356e-33,1.0071126668389226e-28,1.2491768514089961e-29,6.254955918302049e-52,1.5807807215268381e-44,2.65097463128599e-59,3.801591929853732e-60,1.2186649078674864e-71,4.471065077423295e-130
1.9322507703879678e-17,0.0004434385066666667,0.2,0.0,0.001305039435991471,0.19999999999366336,0.19999999997343784,0.19999999999978813,0.19999999995031895,7.335932975706491e-54,1.317801323221388e-41,1.160945459094196e-72,2.6421739228732004e-96,1.2673361277763054e-11,2.9145897963751426e-18,1.1739238464687826e-30,4.968105532501665e-11,2.6562201578307687e-11,2.1190768943325857e-13,9.102708408853438e-33,2.98915364261868e-28,3.708321476320782e-29,2.7771302520032246e-51,7.561530387765581e-44,1.7820819982898352e-58,2.5556972193524357e-59,1.0606907794130313e-70,3.300838870825069e-129
2.5763343832671422e-17,0.0004434385066666667,0.2,0.0,0.0013050394062819658,0.19999999999155113,0.19999999996458379,0.1999999999997175,0.19999999993375864,9.831026180654281e-54,1.7570994161646666e-41,6.934753316439815e-72,3.070229533963768e-95,1.689781478008248e-11,3.8861196694164584e-18,2.0026016060434502e-30,6.62414033377532e-11,3.5416268656764943e-11,2.825433576106177e-13,1.983432242428734e-32,6.511814342350934e-28,8.079983804774963e-29,8.915011309745638e-51,2.502195925473105e-43,8.198163803739214e-58,1.1757455328282094e-58,6.336091418724316e-70,3.646146205053283e-128
3.864501609025491e-17,0.0004434385066666667,0.2,0.0,0.0013050393468629611,0.19999999998732668,0.19999999994687565,0.1999999999995762,0.19999999990063794,1.5160644297170361e-53,2.6358738820256037e-41,1.6339149407927233e-70,2.736091945503255e-93,2.5346721333203355e-11,5.8291793116508035e-18,4.146230505937077e-30,9.936209453040908e-11,5.3124402338925916e-11,4.238144373891648e-13,5.757291759621196e-32,1.8895243540866496e-27,2.345272700289844e-28,5.09061963071405e-50,1.4594315932803565e-42,9.983866799734115e-57,1.43190007336311e-57,1.492920433599933e-68,3.389958383249564e-126
5.15266883478384e-17,0.0004434385066666667,0.2,0.0,0.0013050392874439662,0.19999999998310222,0.1999999999291675,0.19999999999943494,0.19999999986751724,2.1519536024916144e-53,3.515101527935557e-41,1.0217235111954144e-69,2.467090939926465e-92,3.3795627178852577e-11,7.772238791157823e-18,7.0518186827233e-30,1.3248277815065167e-10,7.083253527720814e-11,5.650851151458301e-13,1.2590547345968817e-31,4.1309086079684715e-27,5.128687168034512e-28,1.6836686597270085e-49,4.854707813883586e-42,4.615586331770271e-56,6.620156960288003e-57,9.33583122541834e-68,3.3484230158880576e-125
6.440836060542188e-17,0.0004434385066666667,0.2,0.0,0.001305039228024981,0.19999999997887777,0.19999999991145936,0.19999999999929366,0.1999999998343966,3.0481047316367424e-53,4.395331936387077e-41,4.927674883023387e-69,1.801112450218326e-91,4.22445322664964e-11,9.71529809629575e-18,1.0773846522397554e-29,1.6560345365759582e-10,8.854066741847752e-11,7.063553621658796e-13,2.3621579477035375e-31,7.74763949336222e-27,9.621835632089881e-28,4.527260810051076e-49,1.308703131955786e-41,1.6912519505242634e-55,2.4258959672162026e-56,4.502822173891962e-67,2.5489268998149223e-124
9.017170512058886e-17,0.0004434385066666667,0.2,0.0,0.0013050391091870425,0.19999999997042886,0.1999999998760431,0.1999999999990111,0.19999999976815527,8.864199105455797e-53,6.16564602812788e-41,2.5161179312385704e-67,2.3172261197012494e-89,5.914234012015421e-11,1.3601416172389706e-17,2.0718867597617697e-29,2.3184477982196979e-10,1.2395692925991484e-10,9.88894536947317e-13,6.46329388990247e-31,2.1179400815396394e-26,2.63251670799767e-27,2.6615078949625817e-48,7.707744129124187e-41,2.614571233158623e-54,3.7517150656545825e-55,2.300143823092408e-65,6.707915471190639e-122
1.1593504963575582e-16,0.0004434385066666667,0.2,0.0,0.0013050389903491446,0.19999999996197995,0.19999999984062686,0.19999999999872856,0.19999999970191398,2.714257881310972e-52,7.96057776901182e-41,1.7950923120525821e-66,2.1532928229609548e-88,7.604014489514997e-11,1.7487533540007315e-17,3.3980689546771096e-29,2.980860730339631e-10,1.5937318786426234e-10,1.2714319622958864e-12,1.3625408694295183e-30,4.4611687657950493e-26,5.549316045711593e-27,8.968867644694334e-48,2.5980136680016746e-40,1.3304340768674497e-53,1.909456212682845e-54,1.6412579533018313e-64,7.095423439952943e-121
1.6746173866608977e-16,0.0004434385066666667,0.2,0.0,0.0013050387526734718,0.19999999994508214,0.19999999976979435,0.19999999999816348,0.1999999995694315,2.5069062591601908e-51,1.1788619483410501e-40,7.968240309571902e-65,2.3373467021755473e-86,1.0983574521045174e-10,2.525976614922664e-17,7.045597332070078e-29,4.305685606147797e-10,2.3020569536305828e-10,1.8365015654870023e-12,4.156171602597143e-30,1.3581313562005615e-25,1.6924707945107684e-26,6.127532084353272e-47,1.773841105904156e-39,2.2198090083531488e-52,3.188299533460256e-53,7.291107855698225e-63,1.3558584754497562e-118
2.7051511672675765e-16,0.0004434385066666667,0.2,0.0,0.0013050382773226185,0.19999999991128659,0.19999999962812937,0.19999999999703336,0.1999999993044669,5.694549585727063e-50,2.306553949949404e-40,9.710774898178223e-63,7.2883388253257315e-84,1.774269089025758e-10,4.080422285798013e-17,1.8322971795175455e-28,6.955331404073316e-10,3.718706715213941e-10,2.9666197823628764e-12,1.803397851636543e-29,5.867644999826111e-25,7.341496848970162e-26,7.704282072431632e-46,2.2258016347255838e-38,8.545068344336177e-51,1.2295072544284007e-51,8.901377610298768e-61,8.413322213718969e-116
4.766218728480935e-16,0.0004434385066666667,0.2,0.0,0.0013050373266228802,0.19999999984369551,0.19999999934479964,0.19999999999477316,0.19999999877453933,2.112775405566657e-48,1.2023629156387048e-39,2.239027154595143e-60,4.966644077634567e-81,3.1260908853405103e-10,7.189310219104656e-17,5.682054486710482e-28,1.2254607185332912e-09,6.552004684826205e-10,5.226772261641478e-12,1.0195617535768805e-28,3.2875914593452694e-24,4.1478887447665725e-25,1.469701989977937e-44,4.227374497617922e-37,5.618391438670871e-49,8.112922791749062e-50,2.059715754864052e-58,1.1454179858243568e-112
8.88835385090765e-16,0.0004434385066666667,0.2,0.0,0.0013050354252312777,0.19999999970851362,0.1999999987781407,0.19999999999025314,0.19999999771469051,1.0056835711541496e-46,2.1676032187247037e-38,7.368180123107724e-58,5.488931029239003e-78,5.82972856785858e-10,1.3407072415283325e-16,1.9769606813484025e-27,2.2853095489873395e-09,1.2218594409862296e-09,9.74674142541631e-12,6.779357497199858e-28,2.1469675171530506e-23,2.754464414166076e-24,3.556821135601713e-43,1.0140777059454854e-35,4.965173320052958e-47,7.219525247438328e-48,6.825032794473268e-56,2.5308634919338114e-109
1.7132624095761083e-15,0.0004434385066666667,0.2,0.0,0.0013050316224795682,0.19999999943815103,0.19999999764482537,0.1999999999812144,0.19999999559501816,5.3933499530919076e-45,5.692151231337112e-37,2.8953897366169783e-55,1.0849587716531946e-74,1.1236980292414695e-09,2.5842541832550776e-16,7.358416294755662e-27,4.404981906981323e-09,2.355174900338396e-09,1.8785336756992967e-11,4.9303009000376245e-27,1.5072205223294685e-22,1.9979704392096303e-23,9.731450075811887e-42,2.7275836813054996e-34,5.0642380983342844e-45,7.459642898696549e-46,2.716799141152786e-53,1.0002720670053292e-105
3.3621164585467945e-15,0.0004434385066666667,0.2,0.0,0.0013050240171021282,0.19999999889743056,0.19999999537820465,0.19999999996314238,0.19999999135577468,3.0080322987972783e-43,1.5931877143328869e-35,1.2090410548107884e-52,1.7602835390740487e-71,2.20513891792443e-09,5.071325841984335e-16,2.8446953028043123e-26,8.644225413436831e-09,4.6217958765757805e-09,3.6857156896065567e-11,3.758003244410186e-26,1.0739181424120855e-21,1.5149742439101805e-22,2.803726370359008e-40,7.613440481723019e-33,5.389037005396605e-43,8.117644004608651e-44,1.1600213140938636e-50,3.245987153659692e-102
5.010970507517481e-15,0.0004434385066666667,0.2,0.0,0.0013050164118926547,0.19999999835671642,0.1999999931115972,0.19999999994507744,0.19999998711666608,2.0001815569042047e-42,8.688849381859053e-35,1.3404286392143284e-51,2.4055611206402318e-70,3.286567198255018e-09,7.558367561354606e-16,6.33941733016513e-26,1.2883333976614578e-08,6.888403596389919e-09,5.492181824137143e-11,1.177570016907038e-25,3.218499239515512e-21,4.730372484054859e-22,1.5483989019696202e-39,4.1436687831287616e-32,4.403411564559034e-42,6.672293688204085e-43,1.2918015544605046e-49,4.866981925071794e-101
6.659824556488167e-15,0.0004434385066666667,0.2,0.0,0.001305008806851141,0.19999999781600858,0.199999990845003,0.1999999999270197,0.19999998287769247,8.124256090953316e-42,3.0234407066348348e-34,9.309667542792107e-51,3.0313461258758814e-69,4.367982870166078e-09,1.0045378913292031e-15,1.1232746975127711e-25,1.7122307600376187e-08,9.154998060059119e-09,7.297932345378768e-11,2.668895403608507e-25,6.997852514978752e-21,1.0684765155099865e-21,5.470378058853793e-39,1.4384922226690302e-31,2.243215615006696e-41,3.410446129995727e-42,9.00137566486945e-49,6.225849456469713e-100
8.308678605458854e-15,0.0004434385066666667,0.2,0.0,0.0013050012019775812,0.19999999727530704,0.19999998857842202,0.1999999999089691,0.1999999786388538,2.516206109426462e-41,8.179202189729352e-34,4.928484278717955e-50,2.768591116815262e-68,5.4493859335881356e-09,1.2532359455247313e-15,1.7537853934104992e-25,2.1361146288712588e-08,1.142157926787097e-08,9.102967528328056e-11,5.0713856642280335e-25,1.2769735119743325e-20,2.023411007674837e-21,1.5046050254013023e-38,3.8815732509809525e-31,8.646332642374256e-41,1.3167779743198007e-41,4.775564944287868e-48,5.917287127185905e-99
1.1606386703400227e-14,0.0004434385066666667,0.2,0.0,0.001304985992734295,0.1999999961939229,0.19999998404529987,0.19999999987288936,0.1999999701615812,1.4881766769105086e-40,3.784192248619596e-33,8.919483911345072e-49,1.2225234448751226e-66,7.612154234707779e-09,1.7506226468309856e-15,3.443222881863523e-25,2.98384188739055e-08,1.5954701916988753e-08,1.271089289850304e-10,1.3432120107042943e-24,3.1293373199834786e-20,5.322764443825825e-21,7.220135611638389e-38,1.7852958005949515e-30,7.725108661569656e-40,1.172977103263102e-40,8.63812144588349e-47,3.090366252781569e-97
1.49040948013416e-14,0.0004434385066666667,0.2,0.0,0.0013049707841627394,0.19999999511256397,0.19999997951223072,0.19999999983683817,0.19999996168484832,5.478772010660882e-40,1.1716466068732396e-32,5.716117755699668e-48,1.1632977311616227e-65,9.774872101057107e-09,2.2479965051205787e-15,5.712815910753744e-25,3.831515176419711e-08,2.0487771546049326e-08,1.631596013863228e-10,2.8038958171325637e-24,6.07133838699561e-20,1.1037429675022237e-20,2.294439783375466e-37,5.5010976296476595e-30,3.501958237122325e-39,5.307023304207418e-40,5.526178138004413e-46,3.1337918634900342e-96
1.820180289928297e-14,0.0004434385066666667,0.2,0.0,0.001304955576262856,0.19999999403123023,0.1999999749792146,0.1999999998008156,0.19999995320865507,1.5753538844263433e-39,2.9021679052639097e-32,2.615281552659982e-47,7.72587796271906e-65,1.1937539532050424e-08,2.7453571467347373e-15,8.573682846446966e-25,4.679134499327894e-08,2.5020788157480317e-08,1.9918171567513806e-10,5.076681744291081e-24,1.0240235338865642e-19,1.985073949175089e-20,5.820011914138869e-37,1.3561259338501342e-29,1.1874269763956532e-38,1.7900944710032413e-39,2.5235265653448368e-45,2.240618578481983e-95
2.1499510997224342e-14,0.0004434385066666667,0.2,0.0,0.0013049403690345868,0.19999999294992174,0.19999997044625153,0.19999999976482152,0.19999994473300148,3.878778495404647e-39,6.21617430149796e-32,1.0021287407296128e-46,4.133285708821857e-64,1.4100156527107517e-08,3.242704201185575e-15,1.2036847012745583e-24,5.5266998594555825e-08,2.955375175368861e-08,2.351752948236556e-10,8.347721761256922e-24,1.570908995850095e-19,3.241706547922155e-20,1.2760756666920185e-36,2.8898680885181095e-29,3.391171547487713e-38,5.06026051247729e-39,9.622546157780788e-45,1.3035460196456945e-94
2.8094927193107088e-14,0.0004434385066666667,0.2,0.0,0.0013049099565926679,0.1999999907873804,0.19999996138048437,0.19999999969291887,0.19999992778331302,1.8423948143969484e-38,2.167070645073453e-31,1.4540896295877145e-45,1.1868562421699095e-62,1.8425239207188287e-08,4.237356127244203e-15,2.0812352533373766e-24,7.221668704184934e-08,3.8619519909670504e-08,3.0707693569608746e-10,1.8600585757459242e-23,3.064200175868639e-19,7.11654734887762e-20,4.6462386404410194e-36,9.944609966575614e-29,2.124479796515245e-37,3.000337534243435e-38,1.3177087320467355e-43,7.360069252906591e-93
3.3615929145426067e-14,0.0004434385066666667,0.2,0.0,0.0013048845004992727,0.19999998897720145,0.1999999537917225,0.199999999632817,0.19999991359644206,4.970520653200138e-38,4.902371371957196e-31,6.251188431123492e-45,6.838664861097685e-62,2.2045597054824252e-08,5.069931119847103e-15,3.0105558214983706e-24,8.64035579913643e-08,4.6208282606741396e-08,3.67178003917234e-10,3.1859186934632644e-23,4.740417141499072e-19,1.2040990917859703e-19,1.0797395710065175e-35,2.2286249928263958e-28,6.563116777343476e-37,8.87296320274521e-38,5.480244509702345e-43,4.586169174258987e-92
3.913693109774505e-14,0.0004434385066666667,0.2,0.0,0.0013048590462876228,0.19999998716709325,0.1999999462031092,0.1999999995727948,0.1999998994110832,1.1413593394766413e-37,9.718335836269366e-31,2.1158864328676968e-44,3.00421208709109e-61,2.5665813526989085e-08,5.902463328288717e-15,4.1226788118672075e-24,1.005889168287585e-07,5.379689673668665e-08,4.2719938110522374e-10,5.028686470760473e-23,6.812667172096062e-19,1.8776719108460601e-19,2.1887159214722222e-35,4.377494424162592e-28,1.6778452387186733e-36,2.1593801504448807e-37,1.7858414756998546e-42,2.329772953282446e-91
4.465793305006403e-14,0.0004434385066666667,0.2,0.0,0.0013048335939574547,0.1999999853570557,0.1999999386146445,0.19999999951285216,0.19999988522723638,2.3272818614149098e-37,1.7503435842978723e-30,6.051367846717963e-44,1.1034011902636473e-60,2.9285888621043292e-08,6.734951066157344e-15,5.4226204191957005e-24,1.1477276370608769e-07,6.138536231046086e-08,4.871411713807266e-10,7.473760402595821e-23,9.283162596724985e-19,2.7573726317326888e-19,4.017768317422065e-35,7.813818397235984e-28,3.755179244215409e-36,4.556696589309433e-37,4.8861997614734305e-42,9.364106057491844e-91
5.5699936954701995e-14,0.0004434385066666667,0.2,0.0,0.0013047826949405047,0.1999999817371927,0.1999999234381606,0.19999999939320526,0.19999985686407787,7.738790770010183e-37,4.6763980492801284e-30,3.898070224345929e-43,1.1814991776412456e-59,3.652561466426056e-08,8.399786383885233e-15,8.606023711866569e-24,1.4313592218884361e-07,7.656184783331696e-08,6.067864068776059e-10,1.4513744177577424e-22,1.5417749995401064e-18,5.227139534338398e-19,1.1041187458433784e-34,2.049487586139881e-27,1.4642619030698628e-35,1.5281344158365397e-36,2.724309060273158e-41,1.3382283884773265e-89
6.674194085933995e-14,0.0004434385066666667,0.2,0.0,0.0013047318034463088,0.19999997811761244,0.19999990826227085,0.19999999927387546,0.19999982850696538,2.028970485848933e-36,1.0350805455479343e-29,1.6253714994929994e-42,6.831728653326025e-59,4.376477516335261e-08,1.0064423579344118e-14,1.2600895446829608e-23,1.7149303465633796e-07,9.173773926295764e-08,7.261145410546381e-10,2.49930080635687e-22,2.3143098941779906e-18,8.790515562066226e-19,2.487478256330399e-34,4.4594122290201774e-27,4.300648178481421e-35,3.884833802380619e-36,1.008184869054886e-40,9.014008069809514e-89
7.778394476397792e-14,0.0004434385066666667,0.2,0.0,0.0013046809194727548,0.19999997449831497,0.19999989308697508,0.19999999915486194,0.19999980015589774,4.5388025308264836e-36,2.016325163230877e-29,5.283737592718613e-42,2.9319634463586745e-58,5.100337009719154e-08,1.1728849159714516e-14,1.744735798935565e-23,1.998441023252527e-07,1.0691303668702314e-07,8.451264025819137e-10,3.960168835366542e-22,3.2453979850169363e-18,1.3608044450458357e-18,4.896107724588526e-34,8.548133837318357e-27,1.0515784777228517e-34,8.252120957646781e-36,2.9229222946935655e-40,4.328477436133401e-88
8.882594866861588e-14,0.0004434385066666667,0.2,0.0,0.0013046300430177328,0.19999997087930027,0.19999987791227322,0.19999999903616386,0.19999977181087367,9.074639250740526e-36,3.5833207044848813e-29,1.4608937887385325e-41,1.0430122468760296e-57,5.8241399444645337e-08,1.3393049635122593e-14,2.3185520583114252e-23,2.2818912641207927e-07,1.2208774019313387e-07,9.638228179694753e-10,5.903293894151956e-22,4.334410748706388e-18,1.9824464936665767e-18,8.742349290116444e-34,1.4960153027946266e-26,2.2645990832031134e-34,1.5489506020693757e-35,7.2023611647800396e-40,1.6904079318322853e-87
9.986795257325385e-14,0.0004434385066666667,0.2,0.0,0.0013045791740791365,0.19999996726056843,0.19999986273816525,0.1999999989177804,0.19999974347189195,1.6679761274247168e-35,5.942074577730595e-29,3.5836729728242426e-41,3.2145513569143626e-57,6.547886318457996e-08,1.5057011519606405e-14,2.985547717761675e-23,2.5652810813305157e-07,1.3726184986888564e-07,1.0822046115376484e-09,8.3982896976347465e-22,5.580724632272032e-18,2.757023781145087e-18,1.4499308084443968e-33,2.4446540512009461e-26,4.434050647765168e-34,2.659511044866583e-35,1.575564467577859e-39,5.675020095832571e-87
1.2195196038252976e-13,0.0004434385066666667,0.2,0.0,0.0013044774587428042,0.19999996002395315,0.19999983239173033,0.19999999868195403,0.19999968681205077,4.686505262602862e-35,1.402662516869025e-28,1.6843952967725808e-40,2.325385440309419e-56,7.995209375734617e-08,1.8384165592981827e-14,4.615107370075321e-23,3.1318794934107824e-07,1.6760828807957407e-07,1.3180276202081478e-09,1.5323751271073176e-21,8.542805376674501e-18,4.811425106527891e-18,3.388256776246246e-33,5.614223731913575e-26,1.3789369221920697e-33,6.501086966342669e-35,5.866767142412271e-39,5.115141664899661e-86
1.440359681918057e-13,0.0004434385066666667,0.2,0.0,0.0013043757734469508,0.19999995278846922,0.1999998020476697,0.1999999984473764,0.1999996301763644,1.1039474363226808e-34,2.8627412548260215e-28,5.979944723212691e-40,1.1410163201430637e-55,9.44230616463761e-08,2.171020358041208e-14,6.665458992522682e-23,3.6982363567390234e-07,1.9795235201935357e-07,1.5526019799331122e-09,2.5299379358939574e-21,1.2126714509520806e-17,7.604736055520522e-18,6.781570857600498e-33,1.117278893741318e-25,3.502743801142899e-33,1.3414650942018443e-34,1.713349592009656e-38,2.927484249812174e-85
1.6611997600108162e-13,0.0004434385066666667,0.2,0.0,0.0013042741181748074,0.1999999455541167,0.19999977170598265,0.1999999982140408,0.19999957356482323,2.2946918721598957e-34,5.269195570295287e-28,1.748553214296894e-39,4.379695780703461e-55,1.0889176668251696e-07,2.5035017759745315e-14,9.16862223272496e-23,4.264351768519016e-07,2.2829404238809248e-07,1.7859342076311934e-09,3.889274961824361e-21,1.6327506333857083e-17,1.1202101631050945e-17,1.2166054520964032e-32,2.0094685809378677e-25,7.718221238823282e-33,2.4675369713972025e-34,4.234983205062997e-38,1.2705241861497699e-84
1.8820398381035755e-13,0.0004434385066666667,0.2,0.0,0.001304172492909645,0.19999993832089566,0.19999974136666848,0.19999999798194087,0.1999995169774175,4.344731828388237e-34,8.976956267761444e-28,4.444380235166859e-39,1.4157023199459317e-54,1.2335820869657655e-07,2.8358500492306492e-14,1.2156592551009647e-22,4.830225825913469e-07,2.5863335988527023e-07,2.0180307863793555e-09,5.6676136829577465e-21,2.1140245781373736e-17,1.56561718215871e-17,2.0123849054110707e-32,3.351559702969906e-25,1.5307521157788243e-32,4.178926685446722e-34,9.274531874215157e-38,4.566426206778163e-84
2.323719994289094e-13,0.0004434385066666667,0.2,0.0,0.001303969332333536,0.1999999238578485,0.19999968069515595,0.19999999752142225,0.1999994038749735,1.2749454141079726e-33,2.2024848645554675e-27,2.1910217363079174e-38,1.1088863195348924e-53,1.5228430298147346e-07,3.5001041536244247e-14,1.9714815745430988e-22,5.961250265992391e-07,3.1930487906092906e-07,2.4785427616119987e-09,1.0712541572510972e-20,3.25820499843929e-17,2.7298780455784605e-17,4.6256337913368445e-32,7.918881509880585e-25,4.809955609821562e-32,1.0052398871644103e-33,3.4777481655466825e-37,4.734597999887464e-83
2.7654001504746123e-13,0.0004434385066666667,0.2,0.0,0.0013037662915855476,0.1999999093993284,0.1999996200331265,0.1999999970657692,0.19999929086895468,3.0861573075322936e-33,4.607896518863492e-27,7.927053326779579e-38,5.629033311375498e-53,1.8120134314669124e-07,4.163696753970024e-14,2.959560904025792e-22,7.09131045345815e-07,3.799669151344249e-07,2.9341890991075775e-09,1.813186917799576e-20,4.6413403368204975e-17,4.277393238275273e-17,9.044445929792468e-32,1.6043977982902925e-24,1.2215791783809446e-31,2.057683126684237e-33,1.0199591652706668e-36,2.8421153788888505e-82
3.207080306660131e-13,0.0004434385066666667,0.2,0.0,0.001303563370533212,0.19999989494533602,0.1999995593805746,0.19999999661493123,0.19999917795928368,6.530068561711871e-33,8.620474263922551e-27,2.3338320406377858e-37,2.1997068510867702e-52,2.1010932783716275e-07,4.826542110221428e-14,4.20540658413868e-22,8.220407164136813e-07,4.406194736876715e-07,3.3850204597052436e-09,2.840011200104716e-20,6.259614888911529e-17,6.222328931640953e-17,1.58213659080243e-31,2.9199327517855597e-24,2.679711771129764e-31,3.764453335175956e-33,2.5291069069420287e-36,1.2624255182949135e-81
3.6487604628456495e-13,0.0004434385066666667,0.2,0.0,0.0013033605690446573,0.19999988049587208,0.1999994987374946,0.19999999616885802,0.19999906514588273,1.2516066743813138e-32,1.4846017569261213e-26,5.941670557334333e-37,7.189352082743143e-52,2.390082556971441e-07,5.488554682730934e-14,5.734489272353824e-22,9.348541173198605e-07,5.012625602964266e-07,3.831086977041025e-09,4.199903161749514e-20,8.109264424481302e-17,8.572336891436557e-17,2.5527316687951715e-31,4.9099281510100146e-24,5.282788413857629e-31,6.366208764044006e-33,5.5558185390146266e-36,4.600272959219163e-81
4.090440619031168e-13,0.0004434385066666667,0.2,0.0,0.0013031578869886087,0.1999998660509372,0.19999943810388093,0.1999999957275001,0.19999895242867455,2.223898113379863e-32,2.398824889532886e-26,1.355568005855748e-36,2.0522154039414564e-51,2.6789812537021675e-07,6.149649154822689e-14,7.572240995902654e-22,1.0475713255158956e-06,5.618961805303211e-07,4.272438263224562e-09,5.941748544217585e-20,1.0186576195366334e-16,1.1330728232004903e-16,3.8743113446503456e-31,7.769414034513523e-24,9.599657493643112e-31,1.0040968129372878e-32,1.1136177908080666e-35,1.4486791974369827e-80
4.5321207752166866e-13,0.0004434385066666667,0.2,0.0,0.0013029553242343785,0.19999985161053213,0.19999937747972812,0.19999999529080828,0.19999883980758168,3.7214980135042555e-32,3.684698678014591e-26,2.8363101354458917e-36,5.26065404898707e-51,2.967789354993007e-07,6.809740454593259e-14,9.744055208486492e-22,1.160192418387963e-06,6.225203399528879e-07,4.709123414338935e-09,8.115127164474669e-20,1.2487889708298345e-16,1.449775891788244e-16,5.60561144627923e-31,1.1716446137544874e-23,1.6358877981911288e-30,1.5519532966149383e-32,2.075616493957313e-35,4.066654250212239e-80
5.415481087587723e-13,0.0004434385066666667,0.2,0.0,0.0013025505561115298,0.19999982274331402,0.19999925625978265,0.1999999944312293,0.19999861485343265,9.079751987524489e-32,7.738126524622576e-26,1.0197927913483649e-35,2.7346719561643176e-50,3.545133716940137e-07,8.126574598836537e-14,1.5191252321109207e-21,1.385146567378626e-06,7.437402985878375e-07,5.5686891461357855e-09,1.3958182457359233e-19,1.774813471259653e-16,2.2047817528169853e-16,1.053459791098856e-30,2.3857288017846026e-23,4.10252245302152e-30,3.1088864374422875e-32,6.116024514021752e-35,2.5441622393776836e-79
6.210505368721656e-13,0.0004434385066666667,0.2,0.0,0.001302186671513975,0.19999979677831628,0.19999914719413192,0.19999999367308424,0.19999841272263796,1.7998692535024705e-31,1.3649121170457546e-25,2.7142581275633613e-35,9.591678206866614e-50,4.0644336700183633e-07,9.307446809009966e-14,2.149018248381158e-21,1.5872773620654738e-06,8.528059610740194e-07,6.326822275165078e-09,2.1203824074660045e-19,2.3212755433373654e-16,3.020757614224798e-16,1.6970105772281463e-30,4.114293944031239e-23,8.279397922604549e-30,5.350446539950505e-32,1.4022499489950882e-34,1.0181938685299842e-78
7.00552964985559e-13,0.0004434385066666667,0.2,0.0,0.0013018231714481633,0.1999997708280056,0.19999903815904793,0.19999999292931697,0.19999821090205636,3.280717954006927e-31,2.2425783055013635e-25,6.397281975663407e-35,2.8829446138876707e-49,4.583439882539476e-07,1.0483759171836288e-13,2.9264636125175503e-21,1.7890979436351157e-06,9.618410567797183e-07,7.070577640341472e-09,3.064878858780202e-19,2.934850666185541e-16,3.9629912525221817e-16,2.566843025317799e-30,6.633739639886525e-23,1.5298569196349534e-29,8.209901468218501e-32,2.9070990744498876e-34,3.439110263754619e-78
7.800553930989523e-13,0.0004434385066666667,0.2,0.0,0.0013014600551724796,0.19999974489238592,0.19999892915449846,0.1999999921996592,0.19999800939123888,5.599490173554339e-31,3.4855063688273796e-25,1.3711080616968132e-34,7.679188968075762e-49,5.102152275152534e-07,1.1655027243905927e-13,3.866131935936379e-21,1.99060876105283e-06,1.0708456179345172e-06,7.800223602733063e-09,4.260529713947966e-19,3.613582145834613e-16,5.028207575111679e-16,3.698993791331283e-30,1.0147225708328102e-22,2.63902109762238e-29,1.4500625985636466e-31,5.563699127376965e-34,1.01518756296358e-77
8.595578212123456e-13,0.0004434385066666667,0.2,0.0,0.0013010973219510598,0.1999997189714612,0.19999882018045134,0.19999999148384742,0.1999978081897373,9.06466507726142e-31,5.180873093092122e-25,2.7232513941137866e-34,1.857582975625214e-48,5.62057076845721e-07,1.2820770856685914e-13,4.982653711171918e-21,2.191810262605216e-06,1.179819676706095e-06,8.516023517831487e-09,5.739166157798425e-19,4.3555626117525405e-16,6.212951968096888e-16,5.130321924606707e-30,1.4877751043778224e-22,4.308324195903402e-29,1.2469541008653194e-31,1.0014935651504203e-33,2.694470000756601e-77
9.39060249325739e-13,0.0004434385066666667,0.2,0.0,0.0013007349710536936,0.19999969306523543,0.1999987112368744,0.1999999907816234,0.19999760729710395,1.4049664734630165e-30,7.423960223177799e-25,5.081649946998544e-34,4.1523323174868174e-48,6.138695283009385e-07,1.398051451047022e-13,6.290619402423918e-21,2.392702895901972e-06,1.2887632652007143e-06,9.21823582947166e-09,7.533201639853684e-19,5.158932492330993e-16,7.513758790433691e-16,6.898764915349902e-30,2.10671624222022e-22,6.723202662360287e-29,7.028372806015969e-31,1.6985750935637023e-33,6.5576759094632924e-77
1e-12,0.0004434385066666667,0.2,0.0,0.001300457482289161,0.19999967321769616,0.1999986277506704,0.19999999025239928,0.19999745351885484,1.9173907663356355e-30,9.578206294986932e-25,7.909863594613001e-34,7.355261755966296e-48,6.53564606795777e-07,1.4865118585926558e-13,7.431892873674161e-21,2.546481144971325e-06,1.3722494780333234e-06,9.747450945978728e-09,9.14245500481228e-19,5.815155946895605e-16,8.587298781784259e-16,8.506666983837949e-30,2.6960673092646013e-22,9.215278961624359e-29,1.1880739886411616e-30,2.478388205615698e-33,1.2341600286125747e-76
1.0351275369782401e-12,0.0004434385066666667,0.2,0.0,0.0013002976310163632,0.19999966178089285,0.19999857963478768,0.19999998995085394,0.1999973649586217,2.2739511535612795e-30,1.1012801984075308e-24,1.0081216222280737e-33,1.0060214706087034e-47,6.76438213338681e-07,1.537322219456786e-13,8.147300093498227e-21,2.6350413780827366e-06,1.420365365786941e-06,1.0048991150429273e-08,1.0168940339697267e-18,6.209014747085159e-16,9.235617800468714e-16,9.54068592939779e-30,3.086455230871437e-22,1.0953248479155396e-28,8.607381217176037e-31,3.062093568771476e-33,1.743652095165978e-76
1.1311948246307413e-12,0.0004434385066666667,0.2,0.0,0.001299860846894564,0.19999963051802536,0.19999844807708805,0.19999998913911585,0.19999712306968614,3.522963452958898e-30,1.5748503304445673e-24,1.879280606343892e-33,2.256454792127395e-47,7.389639481447821e-07,1.675566321912677e-13,1.0330350990643028e-20,2.8769303135385343e-06,1.5519230791442138e-06,1.0860715204559596e-08,1.3372576124615693e-18,7.342979393808693e-16,1.1116179926123857e-15,1.2801880640709813e-29,4.366330091475827e-22,1.7057791736228526e-28,-1.4222105521806613e-30,5.277420703123161e-33,4.2888246463940994e-76
1.2272621122832425e-12,0.0004434385066666667,0.2,0.0,0.0012994246174318097,0.19999959927664007,0.19999831656371922,0.1999999883459807,0.19999688162951149,5.2621222034209545e-30,2.1842352548029814e-24,3.324530226794494e-33,4.72851535021763e-47,8.014467186833283e-07,1.8127030777905434e-13,1.2865282001743695e-20,3.118370488076456e-06,1.6834364615662933e-06,1.1653836421628305e-08,1.7204387049716848e-18,8.557812050216208e-16,1.3149798062564493e-15,1.6756896264535933e-29,5.99880909279568e-22,2.5583710215992303e-28,-2.3259693276590276e-31,8.584487491088099e-33,9.747077294355959e-76
1.3233293999357437e-12,0.0004434385066666667,0.2,0.0,0.0012989889413828068,0.19999956805674393,0.19999818509462508,0.19999998757102974,0.1999966406373134,7.619811167780843e-30,2.951986807046655e-24,5.625508060848278e-33,9.349296394297657e-47,8.638865109139968e-07,1.9486531554163588e-13,1.5777518526815005e-20,3.359362686076453e-06,1.8149055692203323e-06,1.2428773596413827e-08,2.172566636970234e-18,9.85058961147195e-16,1.5330961447274674e-15,2.1481953049892402e-29,8.039492345594963e-22,3.7167589068938324e-28,1.2874511326734177e-30,1.3481664802844223e-32,2.0722317707926707e-75
1.4193966875882449e-12,0.0004434385066666667,0.2,0.0,0.0012985538175132366,0.19999953685834393,0.19999805366974946,0.1999999868138535,0.19999640009230885,1.0743656753086346e-29,3.902004390504246e-24,9.164150977837517e-33,1.7609629139990362e-46,9.262833107932966e-07,2.0833386620644367e-13,1.9092401683569232e-20,3.5999076904955636e-06,1.9463304581479903e-06,1.3185936102633387e-08,2.6998667341510824e-18,1.1218478718805733e-15,1.765431076179496e-15,2.705741108859693e-29,1.0546884556784566e-21,5.254065270188775e-28,1.3529583723288289e-30,2.0560610811184586e-32,4.1783291033103276e-75
1.515463975240746e-12,0.0004434385066666667,0.2,0.0,0.0012981192445995315,0.19999950568144717,0.19999792228903654,0.1999999860740519,0.1999961599937163,1.4801467860845514e-29,5.059467404761696e-24,1.4446377053544569e-32,3.1836671526491285e-46,9.88637104275555e-07,2.2166832320858475e-13,2.2835188535282167e-20,3.840006282872159e-06,2.077711184266545e-06,1.3925724104988812e-08,3.3086550297470203e-18,1.2658733654011645e-15,2.0114672479176096e-15,3.356674590289751e-29,1.3582170043128582e-21,7.253274595085118e-28,1.4412707440898189e-30,3.049129329927857e-32,8.071865250893847e-75
1.6115312628932473e-12,0.0004434385066666667,0.2,0.0,0.0012976852214286634,0.1999994745260606,0.1999977909524304,0.1999999853512338,0.19999592034075567,1.9982156226431645e-29,6.450759416632303e-24,2.212604382086341e-32,5.5471544912068735e-46,1.0509478773143721e-06,2.3486121146586133e-13,2.703105231448392e-20,4.0796592433301e-06,2.2090478033699842e-06,1.4648528769336161e-08,4.0053328533560385e-18,1.4168692340302338e-15,2.2707050364541596e-15,4.1097128366262175e-29,1.7208989807069705e-21,9.807515563396347e-28,1.6199417275471272e-30,4.412308251028892e-32,1.4966380083009337e-74
1.7075985505457484e-12,0.0004434385066666667,0.2,0.0,0.0012972517467979298,0.1999994433921913,0.1999976596598755,0.19999998464501684,0.1999956811326482,2.649654032795529e-29,8.103406408268296e-24,3.303419036829002e-32,9.35087876066125e-46,1.1132156158635941e-06,2.4790522566979377e-13,3.170508264989707e-20,4.318867350582909e-06,2.340340371130085e-06,1.5354732466167234e-08,4.79638193080063e-18,1.574577367007175e-15,2.5426611802994303e-15,4.9742516194626587e-29,2.1493225686005467e-21,1.3020407926867267e-27,2.593356680020954e-30,6.246950467988959e-32,2.673383012131055e-74
1.8036658381982496e-12,0.0004434385066666667,0.2,0.0,0.0012968188195147561,0.1999994122798463,0.1999975284113162,0.19999998395502724,0.19999544236861663,3.4578021131298547e-29,1.0046014859331997e-23,4.8213266931724925e-32,1.5309727130996896e-45,1.1754403058784953e-06,2.6079323809157544e-13,3.688228579006236e-20,4.557631381937794e-06,2.4715889430974338e-06,1.6044708965514975e-08,5.688359760230623e-18,1.7387478455046926e-15,2.8268668899118684e-15,5.959855004929893e-29,2.65027942894256e-21,1.7006434425896192e-27,3.686235204682308e-30,8.676657975424735e-32,4.623602021673697e-74
1.8997331258507506e-12,0.0004434385066666667,0.2,0.0,0.0012963864383964958,0.1999993811890326,0.19999739720669707,0.19999998328089963,0.19999520404788507,4.448320316594128e-29,1.2308206155830729e-23,6.895378015616721e-32,2.4427664254876056e-45,1.2376219333171584e-06,2.7351830612578676e-13,4.2587584824277025e-20,4.7959521132996275e-06,2.602793574702435e-06,1.671882362789794e-08,6.687895045588373e-18,1.9091385560695573e-15,3.12286798567256e-15,7.076351753310938e-29,3.230744625107427e-21,2.189109577393681e-27,5.2112869344049074e-30,1.1845509915128966e-31,7.775938520665884e-74
1.9958004135032516e-12,0.0004434385066666667,0.2,0.0,0.0012959546022702315,0.19999935011975722,0.19999726604596285,0.1999999826222769,0.19999496616967893,5.649255067336868e-29,1.4920560732746453e-23,9.682991282478786e-32,3.807235954520246e-45,1.29976048414137e-06,2.86073679917309e-13,4.8845819908653456e-20,5.033830319175014e-06,2.7339543212563446e-06,1.7377433598445536e-08,7.801683177598663e-18,2.085514429575326e-15,3.4302251332938073e-15,8.334299770253715e-29,3.8978559803972576e-21,2.7810936918736848e-27,2.9767593762171446e-30,1.593002065947546e-31,1.2742754656193626e-73
2.0918677011557526e-12,0.0004434385066666667,0.2,0.0,0.001295523309972585,0.19999931907202714,0.1999971349290582,0.19999998197880992,0.1999947287332251,7.091089481515635e-29,1.7914557204719586e-23,1.337418220734099e-31,5.808176390373193e-45,1.3618559443179155e-06,2.9845280930713303e-13,5.568174848649183e-20,5.271266772676187e-06,2.8650712379522332e-06,1.8020887990585203e-08,9.036481986901149e-18,2.267647916184567e-15,3.7485138010058394e-15,9.745073410847375e-29,4.6588948677995715e-21,3.4913891244620575e-27,1.7471676587376214e-30,2.111802130525184e-31,2.0388778226776563e-73
2.1879349888082536e-12,0.0004434385066666667,0.2,0.0,0.001295092560349532,0.19999928804584946,0.19999700385592817,0.19999998135015742,0.199994491737752,8.806785163911375e-29,2.1322521080708326e-23,1.8196268106375879e-31,8.69021449813842e-45,1.4239082998196096e-06,3.1064935027320767e-13,6.31200455104108e-20,5.508262245524896e-06,2.9961443798659473e-06,1.8649528064524154e-08,1.0399107851935274e-17,2.455319079533803e-15,4.077323358770483e-15,1.1320372897815426e-28,5.521267648568891e-21,4.33594851453433e-27,1.2400300694888565e-29,2.7616240228717093e-31,3.19264543984488e-73
2.2840022764607546e-12,0.0004434385066666667,0.2,0.0,0.0012946623522562227,0.1999992570412311,0.19999687282651776,0.19999998073598593,0.19999425518248912,1.0831820621673792e-28,2.517757984093302e-23,2.441878591552959e-31,1.2774956346167921e-44,1.485917536626129e-06,3.2265717112617616e-13,7.118530366613248e-20,5.7448175080562955e-06,3.127173801957051e-06,1.926368740387752e-08,1.1896432002727084e-17,2.6483145376963717e-15,4.416256215898362e-15,1.3070703767486897e-28,6.492487470953652e-21,5.331871492160246e-27,-1.4149234155735984e-29,3.5769510201034843e-31,4.903373642239639e-73
2.3800695641132556e-12,0.0004434385066666667,0.2,0.0,0.001294232684556796,0.19999922605817913,0.1999967418407721,0.19999998013596926,0.19999401906666756,1.3204228269333443e-28,2.951360506582507e-23,3.235833322243418e-31,1.8477027579131207e-44,1.5478836407253029e-06,3.344703586950228e-13,7.990203359146883e-20,5.9809333292227585e-06,3.2581595590697565e-06,1.9863692090628422e-08,1.3535376433968977e-17,2.8464265919055253e-15,4.764927607034625e-15,1.501567160327328e-28,7.580155126404711e-21,6.497390090774622e-27,1.7308724276373407e-28,4.542905983071873e-31,7.396587997429438e-73
2.4761368517657566e-12,0.0004434385066666667,0.2,0.0,0.0012938035561242088,0.19999919509670053,0.19999661089863646,0.19999997954978865,0.1999937833895198,1.5964621827656425e-28,3.4365172050143484e-23,4.238407148742875e-31,2.6325810594272773e-44,1.6098065981139546e-06,3.460832238471417e-13,8.929466409883292e-20,6.216610476597682e-06,3.38910170593384e-06,2.0449860874528093e-08,1.5322910594344106e-17,3.0494555542252917e-15,5.122965388130377e-15,1.7176994315265284e-28,8.791942563626595e-21,7.851912855785034e-27,7.091618791081849e-28,5.668591651648261e-31,1.09726574841475e-72
2.5722041394182575e-12,0.0004434385066666667,0.2,0.0,0.0012933749658400658,0.19999916415680236,0.19999648000005624,0.19999997897713262,0.1999935481502796,1.9156214299589051e-28,3.9767513197384044e-23,5.492371104911717e-31,3.6992265761944666e-44,1.6716863947989323e-06,3.5749030639838764e-13,9.938754239400121e-20,6.451849716379207e-06,3.5200002971655122e-06,2.1022505335583558e-08,1.7266048117281102e-17,3.257208105171835e-15,5.490009782189262e-15,1.9543182347527077e-28,1.013557741419017e-20,9.416014597728292e-27,6.851226067031345e-28,7.151145016893875e-31,1.6029236562020134e-72
2.6682714270707585e-12,0.0004434385066666667,0.2,0.0,0.001292946912594455,0.19999913323849147,0.19999634914497685,0.19999997841769654,0.19999331334818216,2.2824831041526656e-28,4.5756470428735195e-23,7.046966536261221e-31,5.131918638649892e-44,1.7335230167982897e-06,3.68686379728187e-13,1.1020493429351914e-19,6.686651813393866e-06,3.6508553872682876e-06,2.1581930043489403e-08,1.9371843426257178e-17,3.4694954234821816e-15,5.865712852990102e-15,2.217320886514245e-28,1.161882231114591e-20,1.1211398142275164e-26,2.2992880607682603e-27,8.645386047263156e-31,2.3087642001781363e-72
2.7643387147232595e-12,0.0004434385066666667,0.2,0.0,0.00129251939528578,0.19999910234177498,0.199996218333344,0.1999999778711828,0.19999307898246393,2.701893084793931e-28,5.236843397270124e-23,8.958520183878507e-31,7.03513237390613e-44,1.7953164501420556e-06,3.7966645548819984e-13,1.217710244412946e-19,6.921017531100335e-06,3.7816670306338464e-06,2.2128432719295062e-08,2.16473884318804e-17,3.686134839290064e-15,6.249738077499649e-15,2.457564938027462e-28,1.3249481920481014e-20,1.326088463034163e-26,-1.3160218441912752e-26,1.3494673228698798e-30,3.2818448963095474e-72
2.8604060023757605e-12,0.0004434385066666667,0.2,0.0,0.0012920924128206031,0.19999907146665982,0.19999608756510334,0.19999997733730027,0.19999284505236298,3.178963535114058e-28,5.964018284070743e-23,1.1291171958024416e-30,9.537420328510521e-44,1.857066680873336e-06,3.9042578750853805e-13,1.3410991650311733e-19,7.154947631593022e-06,3.912435281542879e-06,2.266230438874779e-08,2.4099809894856348e-17,3.906952979528448e-15,6.641759969849551e-15,2.4958959654132568e-28,1.5035401748339977e-20,1.5588462650229146e-26,-9.778437404774428e-26,3.0950509480147614e-30,4.607764859578522e-72
2.9564732900282615e-12,0.0004434385066666667,0.2,0.0,0.0012916659641134878,0.1999990406131529,0.19999595684020072,0.19999997681576445,0.19999261155711845,3.7190765817956754e-28,6.760865681521339e-23,1.4117669903244721e-30,1.2796051881286304e-43,1.9187736950492098e-06,4.0095987510337326e-13,1.4724563334968207e-19,7.388442875605657e-06,4.043160194165893e-06,2.3183829531043243e-08,2.6736266604823387e-17,4.131778254673217e-15,7.0414638327250844e-15,1.9457224341662197e-28,1.6984472976934948e-20,1.8219225047894188e-26,-3.565670486272485e-25,7.964818807028769e-30,6.395247029113055e-72
3.0525405776807625e-12,0.0004434385066666667,0.2,0.0,0.0012912400480868504,0.19999900978126128,0.19999582615858205,0.19999997630629737,0.199992378495971,4.327810296876668e-28,7.63140549420475e-23,1.7518560113280242e-30,1.7002124031336786e-43,1.9804374787414566e-06,4.112644661121266e-13,1.6120211792113852e-19,7.621504022514874e-06,4.173841822564019e-06,2.369328622582944e-08,2.956394591165634e-17,4.360441496287557e-15,7.448545466527443e-15,5.81970638471791e-28,1.9102629205221025e-20,2.1179323880357248e-26,1.0345669067673987e-24,-1.6177722048252862e-29,8.781382755456002e-72
3.1486078653332635e-12,0.0004434385066666667,0.2,0.0,0.0012908146636708053,0.1999989789709919,0.1999956955201934,0.1999999758086272,0.19999214586816258,5.011465578063022e-28,8.577827099111939e-23,2.1593912386707205e-30,2.2385656151679207e-43,2.0420580180376505e-06,4.2133555995572215e-13,1.7600322880205181e-19,7.854131830343738e-06,4.304480220689806e-06,2.4190946299270277e-08,3.2590062331501e-17,4.5927873786867524e-15,7.862710807330353e-15,-2.5844048184137578e-27,2.1412842927439956e-20,2.449596054609021e-26,-1.1150063898495257e-23,1.9890998290725898e-28,1.1936721105780962e-71
3.2446751529857645e-12,0.0004434385066666667,0.2,0.0,0.0012903898098030218,0.1999989481823517,0.19999556492498094,0.19999997532248812,0.19999191367293656,5.780570553157624e-28,9.584807166832794e-23,2.6537250433579304e-30,2.922193200266951e-43,2.1036352990418637e-06,4.311694099439869e-13,1.916727096100544e-19,8.0863270557653e-06,4.435075442388002e-06,2.4677075465091333e-08,3.582185487269455e-17,4.828666171188598e-15,8.283675584831495e-15,-3.753464324958479e-26,2.4013654007867327e-20,2.819747057935913e-26,-1.275516452038055e-22,2.2521235157822074e-27,1.607213955481493e-71
3.3407424406382654e-12,0.0004434385066666667,0.2,0.0,0.001289965485428581,0.19999891741534756,0.19999543437289088,0.1999999748476205,0.19999168190953756,6.670536579060415e-28,1.0527845173318808e-22,3.306741399066604e-30,3.7839083376203e-43,2.165169307875369e-06,4.40762524929253e-13,2.082340075793304e-19,8.318090454106242e-06,4.5656275413963045e-06,2.5151933460093614e-08,3.9266583848557934e-17,5.0679192945609846e-15,8.711165020062804e-15,-2.801432386943128e-25,2.7484965501005836e-20,3.2313215420119257e-26,-9.189951237113054e-22,1.6214194696815707e-26,2.1447299733748686e-71
3.4368097282907664e-12,0.0004434385066666667,0.2,0.0,0.0012895416894998385,0.1999988866699865,0.19999530386386963,0.1999999743837704,0.1999914505772116,7.482476095421671e-28,1.2246589078894923e-22,3.702309524554927e-30,4.8625010762418795e-43,2.2266600306802465e-06,4.501116706715285e-13,2.2571255390162564e-19,8.549422779347649e-06,4.6961365713460905e-06,2.5615774177238392e-08,4.2931526762967125e-17,5.3103952073785416e-15,9.144913561335597e-15,1.2693367848208378e-24,2.4337221807323687e-20,3.688863968100706e-26,5.101220492945892e-21,-8.981696874701085e-26,2.8379925596282438e-71
3.5328770159432674e-12,0.0004434385066666667,0.2,0.0,0.001289118420976286,0.19999885594627542,0.19999517339786357,0.19999997393068975,0.19999121967520608,8.332572371360204e-28,1.455061439008175e-22,4.081775061938183e-30,6.203027435370416e-43,2.2881074536145296e-06,4.592138712818464e-13,2.4413092807542256e-19,8.780324784134033e-06,4.82660258576317e-06,2.6068845799905487e-08,4.6823981085826546e-17,5.555978125007966e-15,9.584664599662912e-15,1.0344514718615351e-24,3.247602718746333e-20,4.1869986942461406e-26,4.04087375940895e-23,-1.0012533903414266e-27,3.725480600405082e-71
3.6289443035957684e-12,0.0004434385066666667,0.2,0.0,0.0012886956788244186,0.19999882524422116,0.19999504297481938,0.19999997348813575,0.19999098920276973,9.404109891922549e-28,1.6486307058097841e-22,4.827839723488883e-30,7.859186418325096e-43,2.349511562855629e-06,4.680664098699536e-13,2.635110435163893e-19,9.010797219774101e-06,4.957025638068489e-06,2.6511390930342972e-08,5.095126130068853e-17,5.804517932207786e-15,1.003017018725009e-14,-2.8470419329766775e-25,3.585204365623752e-20,4.7434468946137425e-26,-3.5617765647901853e-23,2.521909595145848e-28,4.853580280239503e-71
3.72501159124827e-12,0.0004434385066666667,0.2,0.0,0.001288273462017602,0.1999987945638307,0.1999949125946837,0.19999997305587144,0.19999075915915246,1.0796214682977072e-27,1.7494472666521375e-22,6.149257295191457e-30,9.89598493467451e-43,2.410872344604401e-06,4.766668286644851e-13,2.8387547949806726e-19,9.24084083628035e-06,5.087405781578843e-06,2.6943646713982034e-08,5.532069191602558e-17,6.055876525119166e-15,1.0481190763355759e-14,-1.665077476776343e-24,4.5436158772750836e-20,5.350906979511218e-26,-6.085903483958715e-21,1.068046410301287e-25,6.278193650650815e-71
3.821078878900771e-12,0.0004434385066666667,0.2,0.0,0.0012878517695359493,0.19999876390511095,0.1999947822574033,0.199999972633665,0.19999052954360574,1.235017858396304e-27,1.8195533145743937e-22,7.717719879411934e-30,1.2384997056794556e-42,2.472189785082743e-06,4.850129288534052e-13,3.052490097573339e-19,9.470456382267785e-06,5.2177430695075535e-06,2.736584496178031e-08,5.993960925363025e-17,6.309936212286067e-15,1.0937494893777203e-14,-8.6728420917111e-25,4.39155701083366e-20,6.021137555119495e-26,-7.989921754301965e-22,1.3979958131037646e-26,8.066262463561819e-71
3.917146166553272e-12,0.0004434385066666667,0.2,0.0,0.0012874306003661932,0.1999987332680687,0.19999465196292512,0.1999999722212897,0.19999030035538218,1.3901717500865796e-27,1.9613894798882618e-22,9.19365591240702e-30,1.5407225844233382e-42,2.53346387053401e-06,4.931027701392877e-13,3.2765637812115683e-19,9.699644605009218e-06,5.348037554965139e-06,2.7778212270672714e-08,6.481535953989649e-17,6.566574179235094e-15,1.1398859021989197e-14,5.824841908799692e-25,4.5746637628607437e-20,6.746595164900748e-26,1.3667371822455412e-21,-2.408314910980915e-26,1.029711121600404e-70
4.013213454205773e-12,0.0004434385066666667,0.2,0.0,0.0012870099535015652,0.19999870265271089,0.19999452171119605,0.19999997181852416,0.1999900715937358,1.529032264184019e-27,2.251621266641329e-22,1.0245985177084734e-29,1.9053032925036538e-42,2.594694587224181e-06,5.009346698878335e-13,3.511222159739899e-19,9.928406250466026e-06,5.478289290959997e-06,2.81809701412066e-08,6.995529761214214e-17,6.825668529903859e-15,1.1865067225344917e-14,3.539517355491584e-24,3.721186041227753e-20,7.540019738968433e-26,1.4127064269763475e-20,-2.4881583741365487e-25,1.3063816047873938e-70
4.109280741858274e-12,0.0004434385066666667,0.2,0.0,0.0012865898279416773,0.19999867205904429,0.19999439150216328,0.19999997142515186,0.19998984325792196,1.681621871449737e-27,2.6057180246744464e-22,1.1506759159619957e-29,2.3436531991526724e-42,2.6558819214453117e-06,5.085072018395336e-13,3.7566701976200263e-19,1.0156742063375314e-05,5.608498330399042e-06,2.857433509207525e-08,7.536678255982332e-17,7.087106189885964e-15,1.2335910975529551e-14,1.758161509149494e-24,5.630702969352164e-20,8.388694177851821e-26,-4.92169701396147e-22,8.038945109522216e-27,1.6475726010802742e-70
4.205348029510775e-12,0.0004434385066666667,0.2,0.0,0.0012861702226924024,0.19999864148707583,0.19999426133577397,0.19999997104096104,0.19998961534719722,1.869669045477407e-27,2.876741385347754e-22,1.3438297654302536e-29,2.8690990574200175e-42,2.717025859514085e-06,5.158191944282696e-13,4.013119449455874e-19,1.038465278714012e-05,5.738664726088345e-06,2.8958518771938024e-08,8.105717988152483e-17,7.350776961424134e-15,1.2811188906345682e-14,-5.352437983056662e-25,5.925467637231479e-20,9.327467136561381e-26,1.304239809948095e-21,-2.364441959812947e-26,2.0661929420019387e-70
4.291808588398025e-12,0.0004434385066666667,0.2,0.0,0.0012857930220169398,0.19999861399086175,0.19999414422244013,0.19999997070286846,0.1999894105903828,2.0657187449581543e-27,3.0415746379713863e-22,1.5685304772552144e-29,3.428344230066301e-42,2.7720182887758247e-06,5.221764619715679e-13,4.253522988252614e-19,1.058940960062559e-05,5.855778065366137e-06,2.9296605186842542e-08,8.642309722215988e-17,7.589900487105618e-15,1.3242569434033261e-14,-4.036725152399444e-26,6.570332396200495e-20,1.022781132747467e-25,-6.426634573015077e-22,1.0657255487251241e-26,2.5216459939718216e-70
4.378269147285277e-12,0.0004434385066666667,0.2,0.0,0.0012854162412766843,0.19999858651223365,0.19999402714356648,0.19999997037189776,0.19998920617674956,2.218482490297841e-27,3.417048358514825e-22,1.698696207979546e-29,4.079154063165454e-42,2.8269755461482712e-06,5.283214486999045e-13,4.503254299546697e-19,1.0793823232919422e-05,5.972856944253224e-06,2.962757000631167e-08,9.202627724224068e-17,7.830669614618316e-15,1.3677247000615976e-14,9.306181671999381e-24,4.0106745099973236e-20,1.1194093273777425e-25,2.964446489494921e-20,-5.226227099828945e-25,3.064683672008693e-70
4.464729706172528e-12,0.0004434385066666667,0.2,0.0,0.0012850398797594812,0.19999855905119643,0.19999391009911469,0.19999997004790426,0.1999890021057582,2.374572784814082e-27,3.987872186668677e-22,1.8323175722045923e-29,4.835459948536886e-42,2.881897621710538e-06,5.342538208522505e-13,4.76243886640436e-19,1.0997894223254856e-05,6.0899014010381735e-06,2.9951557834244626e-08,9.78720896743167e-17,8.07301152755913e-15,1.4115088816773494e-14,5.853922650057869e-24,7.637701235706803e-20,1.220256519584818e-25,-1.7186917369957526e-21,2.8387997306028106e-26,3.709598106888564e-70
4.542544209171055e-12,0.0004434385066666667,0.2,0.0,0.0012847015122442026,0.19999853435130732,0.19999380478850717,0.1999999697621585,0.19998881873437988,2.5749264919539558e-27,4.328827744703089e-22,2.0756889948040346e-29,5.620863912861504e-42,2.9312974010845157e-06,5.394110241638729e-13,5.003874573189988e-19,1.1181265600694748e-05,6.195212012840715e-06,3.023729870435423e-08,1.0334521204142847e-16,8.29240487239728e-15,1.4511745490967742e-14,-2.6329617323974195e-24,7.968517700763093e-20,1.3215282995302856e-25,-3.9164004383451483e-22,4.942200671949495e-27,4.3906786080800896e-70
4.561997834920686e-12,0.0004434385066666667,0.2,0.0,0.0012846169732733865,0.19999852817856242,0.19999377846520372,0.19999996969157527,0.19998877293478684,2.6327399736420994e-27,4.3521633161307735e-22,2.1525521925257877e-29,5.834317881165495e-42,2.9436428911319977e-06,5.406733896336204e-13,5.0654586822383e-19,1.122706519350704e-05,6.221535317343058e-06,3.030788074348747e-08,1.047453397334044e-16,8.347437214985599e-15,1.461128313030176e-14,-1.301131307376702e-24,8.026989193354843e-20,1.3469555174242771e-25,2.145262186860892e-22,-5.686305981113559e-27,4.577501667160844e-70
4.571724647795502e-12,0.0004434385066666667,0.2,0.0,0.001284574711718671,0.19999852509252414,0.19999376530420393,0.19999996965641054,0.19998875004147385,2.6612624466055004e-27,4.364961821136507e-22,2.1901690822879782e-29,5.943679181380597e-42,2.9498149678589243e-06,5.413005323459407e-13,5.096437169841322e-19,1.1249958506386126e-05,6.2346963176256565e-06,3.034304486620915e-08,1.054502227546485e-16,8.374980476276589e-15,1.4661107004902597e-14,-3.7809129151265566e-25,8.109483218890866e-20,1.3596843897565334e-25,-1.0944754096895581e-23,-1.710656864772688e-27,4.673553643141576e-70
4.5911782735451335e-12,0.0004434385066666667,0.2,0.0,0.0012844902044656277,0.1999985189211159,0.19999373898350808,0.19999996958633395,0.19998870426781107,2.7176093652823358e-27,4.407007505954394e-22,2.2639076901378657e-29,6.167727534323922e-42,2.962157784648856e-06,5.425467383882307e-13,5.15876812491366e-19,1.1295732168912332e-05,6.261017014525062e-06,3.041312029236305e-08,1.0686966540334172e-16,8.430120705145756e-15,1.4760863996358237e-14,5.283238616333614e-25,8.229808345427263e-20,1.3856823415194564e-25,-7.120176319467838e-24,-1.7722306768461055e-27,4.8710827755167065e-70
